canal,pais,tipo,num_feeds,feeds_en_epg,nombres_alternos,epg_ids
FOX,US,,3,US - FOX News Detroit | US - Fox 32 Chicago,,I2.1.19600.gracenote.com I190.20361.gracenote.com I1032.20361.gracenote.com
CBS,US,,3,US - CBS Detroit | US - CBS Chicago,,I6.1.25664.gracenote.com I189.20454.gracenote.com I1002.20454.gracenote.com
ABC,US,,3,US - ABC 7 Detroit | US - ABC Chicago,,I7.1.19601.gracenote.com I187.20456.gracenote.com I1007.20456.gracenote.com
WeatherNation,US,,1,WeatherNation,,I13.7.113774.gracenote.com
Comet TV,US,,1,Comet TV,,I24.3.46785.gracenote.com
Nosey,US,,1,Nosey,,I50.5.113685.gracenote.com
PBS Kids,US,,1,PBS Kids,,I56.2.45325.gracenote.com
FanDuel TV,US,,2,Fanduel TV | FanDuel TV,,I602.21345.gracenote.com I602.21345.schedulesdirect.org
NBC Sports Boston,US,,1,NBC Sports Boston,,I630.71465.gracenote.com
MSG Network,US,,1,MSG Network,,I634.80169.gracenote.com
SNY SportsNet New York,US,,1,SNY SportsNet New York,,I639.51654.gracenote.com
FanDuel Sports Network,US,,30,Fanduel Sports Network South HD | Fanduel Sports Network South | Fanduel Sports Network Southeast HD | Fanduel Sports Network Southeast | Fanduel Sports Network Sun HD | Fanduel Sports Network Sun | Fanduel Sports Network Florida HD | Fanduel Sports Network Florida | Fanduel Sports Network Ohio HD | Fanduel Sports Network Ohio | Fanduel Sports Network Detroit HD | Fanduel Sports Network Detroit | Fanduel Sports Network North HD | Fanduel Sports Network North | Fanduel Sports Network Wisconsin HD | Fanduel Sports Network Wisconsin | Fanduel Sports Network Midwest HD | Fanduel Sports Network Midwest | Fanduel Sports Network Oklahoma | Fanduel Sports Network Southwest HD | Fanduel Sports Network Southwest | Fanduel Sports Network West HD | Fanduel Sports Network West | Fanduel Sports Network SoCal HD | Fanduel Sports Network SoCal | Fanduel Sports Network Mid West | Fanduel Sports Network South West | Fanduel Sports Network Souther California,,I646.71288.gracenote.com I646.71286.gracenote.com I649.71271.gracenote.com I649.71268.gracenote.com I653.71266.gracenote.com I653.71262.gracenote.com I654.71238.gracenote.com I654.71236.gracenote.com I660.101522.gracenote.com I660.101518.gracenote.com I663.71234.gracenote.com I663.71232.gracenote.com I668.71264.gracenote.com I668.71260.gracenote.com I669.71258.gracenote.com I669.71253.gracenote.com I671.71244.gracenote.com I671.71240.gracenote.com I675.181304.gracenote.com I676.71292.gracenote.com I676.71290.gracenote.com I692.71284.gracenote.com I692.71282.gracenote.com I693.71276.gracenote.com I693.71274.gracenote.com I1720.50728.gracenote.com I1724.75970.gracenote.com I1748.50057.gracenote.com I1753.35295.gracenote.com I1774.59625.gracenote.com
Space City Home Network,US,,1,Space City Home Network,,I674.178238.gracenote.com
Spectrum SportsNet LA,US,,1,Spectrum SportsNet LA,,I690.87106.gracenote.com
Spectrum SportsNet,US,,1,Spectrum SportsNet,,I691.77423.gracenote.com
Yes Network,US,,1,Yes Network,,I1702.46275.gracenote.com
TV Land,US,,3,TV Land | TV Land HD,,I106.16123.gracenote.com I304.16123.schedulesdirect.org I304.73541.schedulesdirect.org
MTV,US,,4,MTV | MTV - Music Television | MTV - Music Television HD | MTV - Music Television HD (Pacific),,I160.10986.gracenote.com I331.10986.schedulesdirect.org I331.60964.schedulesdirect.org I331.64630.schedulesdirect.org
Laff,US,,1,Laff,,I239.92091.gracenote.com
BET Gospel,US,,1,BET Gospel,,I362.16484.gracenote.com
Pixl,US,,1,Pixl,,I388.70113.gracenote.com
Outside TV,US,,1,Outside TV,,I390.80651.gracenote.com
World Fishing Network,US,,1,World Fishing Network,,I394.63234.gracenote.com
Altitude Sports,US,,1,Altitude Sports,,I413.65596.gracenote.com
NBC Sports Bay Area,US,,1,NBC Sports Bay Area,,I419.63138.gracenote.com
Monumental Sports Network,US,,1,Monumental Sports Network,,I424.32537.gracenote.com
SportsNet Pittsburgh,US,,1,Sportsnet Pittsburgh,,I428.49882.gracenote.com
Masn,US,,1,Masn,,I432.59607.gracenote.com
NESN,US,,1,NESN,,I434.35038.gracenote.com
NBC Sports California,US,,1,NBC Sports California,,I438.73565.gracenote.com
Telemundo,US,,4,Telemundo East | US - Telemundo Chicago | Telemundo Internacional,Telemundo Satellite Feed,I835.10239.gracenote.com I193.24521.gracenote.com I1044.24521.gracenote.com I406.77606.schedulesdirect.org
Chicago Sports Network,US,,1,Chicago Sports Network,,I25.183131.gracenote.com
Gem Shopping Network,US,Compras,2,Gem Shopping Network,,I111.26643.gracenote.com I1081.26643.gracenote.com
NBC,US,,4,US - NBC Chicago | NBC East Stream | NBC West Stream,,I188.20452.gracenote.com I1005.20452.gracenote.com I9110.109718.schedulesdirect.org I9400.109719.schedulesdirect.org
WGN America,US,,2,WGN 9 Chicago,,I192.20455.gracenote.com I1009.20455.gracenote.com
ABC Localish,US,,2,ABC Localish,,I217.35892.gracenote.com I1178.35892.gracenote.com
Antenna TV,US,,2,Antenna TV,,I353.31044.gracenote.com I1185.31044.gracenote.com
Heroes & Icons,US,,2,Heroes & Icons,,I358.61780.gracenote.com I1167.61780.gracenote.com
TBD,US,,2,TBD,,I365.108537.gracenote.com I1183.108537.gracenote.com
MGM+ Drive-In,US,,1,MGM+ Drive In,,I539.68409.gracenote.com
Showtime Women,US,,2,Showtime Women,,I585.25272.gracenote.com I1850.25272.gracenote.com
Newsmax,US,,3,Newsmax | Newsmax TV | Newsmax TV HD,,I1115.97163.gracenote.com I349.87925.schedulesdirect.org I349.97163.schedulesdirect.org
Zona Futbol,US,,2,Zona Futbol,,I1228.111945.gracenote.com I3360.111945.gracenote.com
MGM+ Hits,US,,2,MGM+ 2 | MGM+ Hits,MGM+ Hits HD,I1873.67929.gracenote.com I559.67929.schedulesdirect.org
WINS,US,,1,WINS,,I1.91035.schedulesdirect.org
QVC,US,Compras,6,QVC,QVC HD,I70.11069.schedulesdirect.org I70.60222.schedulesdirect.org I275.11069.schedulesdirect.org I275.60222.schedulesdirect.org I317.11069.schedulesdirect.org I317.60222.schedulesdirect.org
HSN,US,Compras,4,Home Shopping Network | HSN,HSN HD,I70.10269.schedulesdirect.org I70.62077.schedulesdirect.org I240.10269.schedulesdirect.org I240.62077.schedulesdirect.org
DIRECTV News Mix,US,,2,DIRECTV NEWS MIX,,I71.12782.schedulesdirect.org I200.12782.schedulesdirect.org
Jewelry Television,US,Compras,2,Jewelry Television,,I72.16604.schedulesdirect.org I313.16604.schedulesdirect.org
Shop LC,US,Compras,2,Shop LC,,I75.56032.schedulesdirect.org I226.56032.schedulesdirect.org
QVC2,US,Compras,3,QVC2 (QVC),QVC2,I76.82682.schedulesdirect.org I79.82682.schedulesdirect.org I315.82682.schedulesdirect.org
Me TV,US,,1,Me TV,Me TV Network,I77.70436.schedulesdirect.org
COZI TV,US,,1,COZI TV,,I80.78851.schedulesdirect.org
Grit,US,,1,Grit,,I81.89922.schedulesdirect.org
Bounce,US,,1,Bounce,Bounce TV,I82.73067.schedulesdirect.org
DirecTV VALU,US,,2,DirecTV VALU,,I91.75761.schedulesdirect.org I325.75761.schedulesdirect.org
CASH,US,,2,CASH,,I97.96368.schedulesdirect.org I337.96368.schedulesdirect.org
DIRECTV Sports Subscriptions,US,,1,DIRECTV Sports Subscriptions,,I100.92534.schedulesdirect.org
CNN,US,,2,Cable News Network | CNN HD,,I202.10142.schedulesdirect.org I202.58646.schedulesdirect.org
HLN,US,,2,CNN Headline News | CNN Headline News HD,HLN | HLN HD,I204.10145.schedulesdirect.org I204.64549.schedulesdirect.org
DIRECTV Sports Mix,US,,3,DIRECTV Sports MixHD | DirecTV Sports Mix,,I205.94102.schedulesdirect.org I600.94102.schedulesdirect.org I750.12784.schedulesdirect.org
ESPN,US,,3,ESPN | ESPN HD | ESPN (Alternate),,I206.10179.schedulesdirect.org I206.32645.schedulesdirect.org I209.19620.schedulesdirect.org
ESPNEWS,US,,2,ESPNEWS | ESPNEWS HD,,I207.16485.schedulesdirect.org I207.59976.schedulesdirect.org
ESPNU,US,,2,ESPNU HD | ESPNU,,I208.60696.schedulesdirect.org I208.45654.schedulesdirect.org
ESPN2,US,,3,ESPN2 | ESPN2 HD | ESPN2 (Alternate),,I209.12444.schedulesdirect.org I209.45507.schedulesdirect.org I209.19621.schedulesdirect.org
NFL RedZone,US,,2,NFL Redzone | NFL SUNDAY TICKET RED ZONE,NFL RedZone HD,I211.65025.schedulesdirect.org I211.47216.schedulesdirect.org
NFL Network,US,,2,NFL Network | NFL Network HD,,I212.34710.schedulesdirect.org I212.45399.schedulesdirect.org
MLB Network,US,,5,MLB Network HD | MLB Network | MLB Network Alternate | MLB Network HD Alternate | MLB Network Strike Zone HD,,I213.62081.schedulesdirect.org I213.62079.schedulesdirect.org I213.62083.schedulesdirect.org I213.62085.schedulesdirect.org I719.75220.schedulesdirect.org
MAVTV,US,,1,MAVTV,RACER Network HD,I214.61036.schedulesdirect.org
NHL Network,US,,2,NHL Network,NHL Network HD,I215.58570.schedulesdirect.org I215.58690.schedulesdirect.org
NBA TV,US,,2,NBA TV | NBA TV HD,,I216.32281.schedulesdirect.org I216.45526.schedulesdirect.org
Tennis Channel,US,,2,Tennis Channel | Tennis Channel HD,,I217.33395.schedulesdirect.org I217.60316.schedulesdirect.org
Golf Channel,US,,2,Golf Channel | Golf Channel HD,,I218.14899.schedulesdirect.org I218.61854.schedulesdirect.org
FS1,US,,2,Fox Sports 1 US HD | Fox Sports 1 US,FS1 | FS1 HD,I219.82547.schedulesdirect.org I219.82541.schedulesdirect.org
CBS Sports Network,US,,2,CBS Sports Network | CBS Sports Network HD,,I221.16365.schedulesdirect.org I221.59250.schedulesdirect.org
HGTV,US,,2,HGTV East | HGTV East HD,Home & Garden Television | Home & Garden Television HD,I229.14902.schedulesdirect.org I229.49788.schedulesdirect.org
Magnolia Network,US,,2,Magnolia Network,Magnolia Network HD,I230.18544.schedulesdirect.org I230.67375.schedulesdirect.org
Food Network,US,,2,Food Network | Food Network East HD,Food Network HD,I231.12574.schedulesdirect.org I231.50747.schedulesdirect.org
Cooking Channel,US,,2,Cooking Channel | Cooking Channel HD,,I232.30156.schedulesdirect.org I232.68065.schedulesdirect.org
Game Show Network,US,,2,Game Show Network | Game Show Network HD,,I233.14909.schedulesdirect.org I233.68827.schedulesdirect.org
Tastemade,US,,1,Tastemade,,I235.107076.schedulesdirect.org
E!,US,,2,E! | E! Entertainment Television HD,E! Entertainment Television,I236.10989.schedulesdirect.org I236.61812.schedulesdirect.org
Bravo,US,,2,Bravo | Bravo HD,,I237.10057.schedulesdirect.org I237.58625.schedulesdirect.org
Reelz,US,,2,Reelz Channel | Reelz Channel HD,ReelzChannel | ReelzChannel HD,I238.52199.schedulesdirect.org I238.68385.schedulesdirect.org
SundanceTV,US,,2,Sundance TV | Sundance TV HD,SundanceTV | SundanceTV HD,I239.16108.schedulesdirect.org I239.71280.schedulesdirect.org
Paramount Network,US,,2,Paramount Network,Paramount Network HD,I241.11163.schedulesdirect.org I241.59186.schedulesdirect.org
USA Network,US,,2,USA Network East HD | USA Network,USA Network HD,I242.58452.schedulesdirect.org I242.11207.schedulesdirect.org
Syfy,US,,2,Syfy | Syfy HD,SYFY,I244.11097.schedulesdirect.org I244.58623.schedulesdirect.org
TNT,US,,3,TNT | TNT HD | TNT HD (Pacific),,I245.11164.schedulesdirect.org I245.42642.schedulesdirect.org I245.61340.schedulesdirect.org
truTV,US,,2,Tru TV | Tru TV HD,truTV | truTV HD,I246.10153.schedulesdirect.org I246.64490.schedulesdirect.org
TBS,US,,3,TBS | TBS East HD | TBS HD (Pacific),TBS HD,I247.11867.schedulesdirect.org I247.58515.schedulesdirect.org I247.67890.schedulesdirect.org
FX,US,,2,FX East HD | FX,FX HD,I248.58574.schedulesdirect.org I248.14321.schedulesdirect.org
Comedy Central,US,,3,Comedy Central | Comedy Central East HD | Comedy Central HD (Pacific),Comedy Central HD,I249.10149.schedulesdirect.org I249.62420.schedulesdirect.org I249.64599.schedulesdirect.org
Oxygen,US,,2,Oxygen True Crime | Oxygen True Crime HD,,I251.21484.schedulesdirect.org I251.70522.schedulesdirect.org
Lifetime,US,,3,Lifetime | Lifetime East HD | DIRECTV Lifetime,Lifetime HD,I252.10918.schedulesdirect.org I252.60150.schedulesdirect.org I252.97682.schedulesdirect.org
Lifetime Movie Network,US,,2,Lifetime Movie Network | Lifetime Movie Network HD,LMN | LMN HD,I253.18480.schedulesdirect.org I253.55887.schedulesdirect.org
AMC,US,,2,AMC | AMC East HD,AMC HD,I254.10021.schedulesdirect.org I254.59337.schedulesdirect.org
TCM,US,,2,TCM US | TCM US HD,Turner Classic Movies | Turner Classic Movies HD,I256.12852.schedulesdirect.org I256.64312.schedulesdirect.org
FXM,US,,2,FXM,FX Movie Channel HD,I258.14988.schedulesdirect.org I258.70253.schedulesdirect.org
FXX,US,,2,FXX | FXX East HD,FXX HD,I259.17927.schedulesdirect.org I259.66379.schedulesdirect.org
WE tv,US,,2,WE TV | WE tv HD,WE tv,I260.16409.schedulesdirect.org I260.59296.schedulesdirect.org
Discovery life,US,,1,Discovery life,Discovery Life Channel,I261.16125.schedulesdirect.org
DirecTV GETIT,US,,1,DirecTV GETIT,,I263.101697.schedulesdirect.org
BBC America,US,,2,BBC America | BBC America HD,,I264.18332.schedulesdirect.org I264.64492.schedulesdirect.org
A&E,US,,2,A&E East HD | A&E,A&E HD East,I265.51529.schedulesdirect.org I265.10035.schedulesdirect.org
FYI,US,,2,FYI | FYI Channel HD,,I266.16834.schedulesdirect.org I266.58988.schedulesdirect.org
EarthX,US,,1,EarthX,,I267.126128.schedulesdirect.org
History,US,,2,History HD | History,,I269.57708.schedulesdirect.org I269.14771.schedulesdirect.org
Vice TV,US,,2,Vice | Vice HD,,I271.18822.schedulesdirect.org I271.65732.schedulesdirect.org
Logo,US,,1,Logo TV,Logo,I272.46762.schedulesdirect.org
Pop TV,US,,2,POP | POP HD,,I273.16715.schedulesdirect.org I273.68796.schedulesdirect.org
Ovation,US,,2,Ovation | Ovation HD,,I274.15807.schedulesdirect.org I274.69061.schedulesdirect.org
National Geographic,US,,2,National Geographic | National Geographic East,National Geographic HD | National Geographic USA,I276.24959.schedulesdirect.org I276.49438.schedulesdirect.org
Travel Channel,US,,2,The Travel Channel | The Travel Channel HD,,I277.11180.schedulesdirect.org I277.59303.schedulesdirect.org
Discovery,US,,2,Discovery Channel | Discovery Channel HD,,I278.11150.schedulesdirect.org I278.56905.schedulesdirect.org
OWN,US,,3,Oprah Winfrey Network | Oprah Winfrey Network HD | Oprah Winfrey Network (Pacific A Feed),,I279.70387.schedulesdirect.org I279.70388.schedulesdirect.org I279.95746.schedulesdirect.org
TLC,US,,2,TLC | TLC HD (US),,I280.11158.schedulesdirect.org I280.57391.schedulesdirect.org
MotorTrend,US,,1,MotorTrend,DISCOVERY TURBO HD,I281.31046.schedulesdirect.org
Animal Planet,US,,2,Animal Planet | Animal Planet HD,,I282.16331.schedulesdirect.org I282.57394.schedulesdirect.org
Nat Geo Wild,US,,2,Nat Geo Wild East | Nat Geo Wild East HD,National Geographic Wild | National Geographic Wild HD,I283.66804.schedulesdirect.org I283.67331.schedulesdirect.org
Science Channel,US,,2,Science Channel HD | Science,,I284.57390.schedulesdirect.org I284.16616.schedulesdirect.org
Investigation Discovery,US,,2,Discovery ID US | Discovery ID East,Investigation Discovery | Investigation Discovery HD,I285.16615.schedulesdirect.org I285.65342.schedulesdirect.org
Destination America,US,,2,Destination America HD | Destination America,,I286.60468.schedulesdirect.org I286.16617.schedulesdirect.org
American Heroes Channel,US,,2,American Heroes Channel | American Heroes Channel HD,,I287.18284.schedulesdirect.org I287.78808.schedulesdirect.org
Disney Junior,US,,2,DISNEY JR US | Disney Jr US,Disney Junior | Disney Junior HD,I289.74796.schedulesdirect.org I289.74885.schedulesdirect.org
Disney Channel,US,,3,Disney Channel | Disney Channel East HD | Disney Channel (Pacific),Disney Channel HD,I290.10171.schedulesdirect.org I290.59684.schedulesdirect.org I291.12510.schedulesdirect.org
Disney XD,US,,2,Disney XD | Disney XD HD,,I292.18279.schedulesdirect.org I292.60006.schedulesdirect.org
BabyFirst TV,US,,1,BabyFirst TV,,I293.50338.schedulesdirect.org
Discovery Family,US,,2,Discovery Family | Discovery Family Channel HD,Discovery Family Channel,I294.16618.schedulesdirect.org I294.67749.schedulesdirect.org
Cartoon Network,US,,3,Cartoon Network | Cartoon Network HD | Cartoon Network (Pacific),,I296.12131.schedulesdirect.org I296.60048.schedulesdirect.org I297.18151.schedulesdirect.org
Boomerang,US,,1,Boomerang,,I298.21883.schedulesdirect.org
Nickelodeon,US,,3,Nickelodeon | Nickelodeon East HD | Nickelodeon (Pacific),Nickelodeon HD,I299.11006.schedulesdirect.org I299.59432.schedulesdirect.org I300.11007.schedulesdirect.org
Nick Jr.,US,,2,Nick Jr | Nick Jr HD,,I301.19211.schedulesdirect.org I301.82649.schedulesdirect.org
Nicktoons,US,,1,Nicktoons,,I302.30420.schedulesdirect.org
TeenNick,US,,1,NickTeen East,Teen Nick,I303.59036.schedulesdirect.org
ION Television,US,,1,ION Television,ION Television HD | ION: Independent Television,I305.76894.schedulesdirect.org
NewsNation,US,,2,NewsNation SD | NewsNation,Independent,I307.91097.schedulesdirect.org I307.91096.schedulesdirect.org
HSN2,US,Compras,1,HSN2,,I310.10270.schedulesdirect.org
Freeform,US,,2,FREEFORM | FREEFORM HD,Freeform | Freeform HD,I311.10093.schedulesdirect.org I311.59615.schedulesdirect.org
Hallmark Channel,US,,2,Hallmark Channel | Hallmark Channel HD,,I312.11221.schedulesdirect.org I312.66268.schedulesdirect.org
Family Movie Classic,US,,1,Family Movie Classic,Family Movie Classics,I314.122068.schedulesdirect.org
QVC3,US,Compras,1,QVC3,,I318.101260.schedulesdirect.org
NHK World-Japan,US,,1,NHK World-Japan,NHK World TV,I322.59155.schedulesdirect.org
Great American Family,US,,2,Great American Family,Great American Family HD,I326.16062.schedulesdirect.org I326.82892.schedulesdirect.org
CMT,US,,2,CMT,CMT HD,I327.10138.schedulesdirect.org I327.59440.schedulesdirect.org
TV One,US,,1,TV One,TV ONE HD,I328.61960.schedulesdirect.org
BET,US,,3,BET | BET HD | BET HD (Pacific),,I329.10051.schedulesdirect.org I329.63236.schedulesdirect.org I329.64673.schedulesdirect.org
BET Her,US,,1,Bet Her,BET Her,I330.14897.schedulesdirect.org
MTV2,US,,2,MTV 2 | MTV2: Music Television HD,MTV2: Music Television,I332.16361.schedulesdirect.org I332.75077.schedulesdirect.org
IFC,US,,2,IFC | IFC HD,,I333.14873.schedulesdirect.org I333.59444.schedulesdirect.org
VH1,US,,2,VH1 | VH1 HD,,I335.11218.schedulesdirect.org I335.60046.schedulesdirect.org
MTV Classic,US,,1,MTV Classic,,I336.22561.schedulesdirect.org
UP TV,US,,1,UP TV,UPtv,I338.44940.schedulesdirect.org
Fuse,US,,1,Fuse,Fuse HD,I339.59116.schedulesdirect.org
AXS TV,US,,1,AXS TV,,I340.28506.schedulesdirect.org
CLEO TV,US,,1,CLEO TV,Cleo TV HD,I341.110289.schedulesdirect.org
The Grio,US,,1,The Grio,The Grio HD,I342.132272.schedulesdirect.org
i24 News English,US,,1,i24 News English,,I343.87376.schedulesdirect.org
SonLife Broadcasting Network,US,,2,SonLife Broadcasting Network | SonLife Broadcasting Network HD,SonLife Broadcasting Network,I344.67676.schedulesdirect.org I344.91314.schedulesdirect.org
RFD TV,US,,1,RFD TV HD,RFD-TV,I345.63717.schedulesdirect.org
BBC News (North America),US,,1,BBC News (North America) HD,,I346.101449.schedulesdirect.org
The First,US,,1,The First,,I347.114934.schedulesdirect.org
Free Speech TV,US,,1,Free Speech TV,,I348.16220.schedulesdirect.org
C-Span,US,,1,C-Span,CSPAN,I350.10161.schedulesdirect.org
CSPAN2,US,,1,CSPAN2,,I351.10162.schedulesdirect.org
Bloomberg Television,US,,2,Bloomberg Business Television | Bloomberg HD,,I353.14755.schedulesdirect.org I353.71799.schedulesdirect.org
Cheddar,US,,1,Cheddar,,I354.109333.schedulesdirect.org
CNBC,US,,2,CNBC | CNBC HD,,I355.10139.schedulesdirect.org I355.58780.schedulesdirect.org
CNBC World,US,,1,CNBC World,,I357.26849.schedulesdirect.org
CNN International,US,,1,CNN International,,I358.10146.schedulesdirect.org
Fox Business,US,,2,Fox Business | Fox Business HD,,I359.58649.schedulesdirect.org I359.58718.schedulesdirect.org
Fox News,US,,2,Fox News Channel | Fox News Channel HD,,I360.16374.schedulesdirect.org I360.60179.schedulesdirect.org
AccuWeather,US,,1,AccuWeather HD,AccuWeather,I361.91994.schedulesdirect.org
The Weather Channel,US,,2,The Weather Channel | The Weather Channel HD,,I362.11187.schedulesdirect.org I362.58812.schedulesdirect.org
Golden Eagle Broadcasting,US,,1,Golden Eagle Broadcasting,,I363.18999.schedulesdirect.org
INSP,US,,2,INSP | INSP HD,,I364.11066.schedulesdirect.org I364.82773.schedulesdirect.org
GOD TV,US,,1,GOD TV,,I365.52697.schedulesdirect.org
World Harvest Television,US,,1,World Harvest Television,,I367.11514.schedulesdirect.org
The Hope Channel,US,,1,The Hope Channel,,I368.49266.schedulesdirect.org
Eternal Word Television Network,US,,1,Eternal Word Television Network,,I370.10183.schedulesdirect.org
TBN Inspire,US,,1,TBN Inspire,,I371.122276.schedulesdirect.org
TBN,US,,1,Trinity Broadcasting Network HD,Trinity Broadcasting Network,I372.59539.schedulesdirect.org
The Word Network,US,,1,The Word Network,,I373.21781.schedulesdirect.org
BYU-TV,US,,1,BYU-TV,,I374.21855.schedulesdirect.org
Blossom TV,US,,1,Blossom TV,,I375.151128.schedulesdirect.org
Christian Television Network,US,,1,Christian Television Network,,I376.49128.schedulesdirect.org
TCT,US,,1,TCT,,I377.62881.schedulesdirect.org
NRB TV,US,,1,NRB TV,,I378.49097.schedulesdirect.org
Living Faith Network,US,,1,Living Faith Network HD,,I379.96013.schedulesdirect.org
Impact Network,US,,1,Impact Network,,I380.71798.schedulesdirect.org
ASPiRE,US,,1,ASPiRE HD,,I381.97409.schedulesdirect.org
Comedy TV,US,,1,Comedy TV,Comedy.TV HD,I382.82470.schedulesdirect.org
Justice Central,US,,1,Justice Central,Justice Central HD,I383.78850.schedulesdirect.org
Revolt,US,,1,Revolt HD,,I384.83098.schedulesdirect.org
FM,US,,1,FM HD,,I386.72094.schedulesdirect.org
JBS,US,,1,JBS,,I388.74978.schedulesdirect.org
The CW,US,,1,KTLA 5 Los Angeles,KTLA | The CW Television Network,I395.10724.schedulesdirect.org
Univision,US,,3,Univision | Univision HD | Univision West,Univision | Univision Network | Univision Network (Pacific) | Univision Network HD,I402.11118.schedulesdirect.org I402.68049.schedulesdirect.org I403.14762.schedulesdirect.org
Galavisión,US,,2,Galavision,Galavision Cable Network | Galavision Cable Network HD,I404.10222.schedulesdirect.org I404.68367.schedulesdirect.org
Mega TV,US,,2,Mega TV HD | Mega TV,MEGA TV,I405.69301.schedulesdirect.org I405.58698.schedulesdirect.org
UniMás,US,,1,UniMAS,UniMas | UniMas HD (Pacific),I408.68040.schedulesdirect.org
Ve Plus,US,,1,Ve Plus,,I409.102305.schedulesdirect.org
Universo,US,,2,NBC Universo | NBC Universo HD,UNIVERSO | UNIVERSO HD,I410.14791.schedulesdirect.org I410.91588.schedulesdirect.org
Multimedios USA,US,,1,Multimedios USA,,I412.95743.schedulesdirect.org
Discovery Channel LatinoAmerica,US,,1,Discovery Channel LatinoAmerica,Discovery en Español,I413.19247.schedulesdirect.org
Wapa,US,,1,Wapa,WAPA America,I414.44322.schedulesdirect.org
Video Rola,US,,1,Video Rola,,I415.25615.schedulesdirect.org
Caracol Television,US,,1,Caracol Television,CARACOL INTERNATIONAL,I417.39719.schedulesdirect.org
NTN24,US,,1,NTN24,,I418.61988.schedulesdirect.org
CNN en Español,US,,1,CNN en Español,CNN En Español,I419.17054.schedulesdirect.org
CinCanal,US,,1,CinCanal US,Cine Latino US,I423.62401.schedulesdirect.org
Starz Encore Español,US,,1,Starz Encore Español SD,,I426.102905.schedulesdirect.org
Telecentro canal 13,US,,1,Telecentro canal 13,Telecentro TV,I429.60690.schedulesdirect.org
Hola TV,US,,1,Hola TV,¡HOLA! TV,I430.62161.schedulesdirect.org
ZooMoo,US,,1,ZooMoo,,I432.97041.schedulesdirect.org
Bandamax,US,,1,Bandamax,,I433.54867.schedulesdirect.org
Hogar TV,US,,2,Hogar HD | Hogar TV,,I434.114881.schedulesdirect.org I434.87063.schedulesdirect.org
Nat Geo Mundo,US,,1,Nat Geo Mundo,,I435.72449.schedulesdirect.org
Discovery Familia,US,,1,Discovery Familia,Discovery Familia En Español,I436.58428.schedulesdirect.org
TV Chile,US,,1,TV Chile,,I437.16046.schedulesdirect.org
VME,US,,1,VME,,I440.55250.schedulesdirect.org
Estrella TV,US,,1,Estrella TV,,I442.65064.schedulesdirect.org
History Channel LatinoAmerica,US,,1,History Channel LatinoAmerica,History Channel En Español,I443.43362.schedulesdirect.org
Pasiones,US,,1,Pasiones HD,Pasiones TV US,I444.61776.schedulesdirect.org
Canal Once,US,,1,Canal Once,Once,I447.36139.schedulesdirect.org
ETBN Enlace USA,US,,1,ETBN Enlace USA,,I448.33527.schedulesdirect.org
N+ Foro,US,,1,N+ Foro,,I453.76964.schedulesdirect.org
Antena 3,US,,1,Antena 3,Antena 3 Internacional,I458.16800.schedulesdirect.org
TVE,US,,1,TVE,,I460.16217.schedulesdirect.org
HITN,US,,1,HITN,,I461.17142.schedulesdirect.org
TUDN,US,,2,TUDN,,I464.75176.schedulesdirect.org I464.77033.schedulesdirect.org
Fox Deportes,US,,2,Fox Deportes | Fox Deportes HD,,I465.15377.schedulesdirect.org I465.72189.schedulesdirect.org
ESPN Deportes,US,,2,ESPN Deportes,ESPN Deportes HD,I466.25595.schedulesdirect.org I466.71914.schedulesdirect.org
TyC Sports,US,,1,TyC Sports,TyC Sports Internacional USA,I469.111046.schedulesdirect.org
MLS Direct Kick (PPV),US,PPV deportes,4,MLS Direct Kick - Direct TV - MLSSO | MLS Direct Kick - Direct TV - MLSSO6 | MLS Direct Kick - Direct TV - MLSSO7 | MLS Direct Kick - Direct TV - MLSSO8,,I471.20612.schedulesdirect.org I476.21043.schedulesdirect.org I477.60403.schedulesdirect.org I478.60404.schedulesdirect.org
HBO,US,,4,HBO | HBO East | HBO (Pacific) | HBO West,,I501.10240.schedulesdirect.org I501.19548.schedulesdirect.org I504.10244.schedulesdirect.org I504.19566.schedulesdirect.org
HBO Hits,US,,1,HBO Hits,,I502.59368.schedulesdirect.org
HBO Drama,US,,1,HBO Drama,,I503.59363.schedulesdirect.org
HBO Comedy,US,,1,HBO Comedy East,HBO Comedy HD,I506.59839.schedulesdirect.org
HBO Movies,US,,1,HBO Movies,,I509.59845.schedulesdirect.org
HBO Latino,US,,2,HBO East Latino | HBO East Latino HD,HBO Latino | HBO Latino HD,I511.24553.schedulesdirect.org I511.59837.schedulesdirect.org
Cinemax,US,,4,Cinemax | Cinemax East | Cinemax (Pacific) | Cinemax HD (Pacific),Cinemax HD,I515.10120.schedulesdirect.org I515.34933.schedulesdirect.org I516.12508.schedulesdirect.org I516.35975.schedulesdirect.org
MoreMax,US,,1,MoreMax,Cinemax Hits,I517.59373.schedulesdirect.org
ActionMax,US,,1,ActionMax,Cinemax Action,I519.59948.schedulesdirect.org
5StarMax,US,,1,5 StarMax,Cinemax Classics,I520.59961.schedulesdirect.org
Cinemax (Spanish),US,,1,Cinemax East Latino HD,Cinemax Spanish HD,I523.59965.schedulesdirect.org
Starz,US,,4,Starz | Starz East HD | Starz (Pacific) | Starz HD (Pacific),Starz HD,I525.12719.schedulesdirect.org I525.34941.schedulesdirect.org I526.12741.schedulesdirect.org I526.34949.schedulesdirect.org
Starz Kids & Family,US,,1,Starz Kids & Family East,Starz Kids & Family HD,I527.57581.schedulesdirect.org
Starz Comedy,US,,1,Starz Comedy,Starz Comedy HD,I528.57569.schedulesdirect.org
Starz Edge,US,,2,Starz Edge East HD | Starz Edge,Starz Edge HD,I529.57573.schedulesdirect.org I529.16311.schedulesdirect.org
Starz in Black,US,,2,Starz in Black | Starz In Black East HD,Starz in Black HD,I530.16833.schedulesdirect.org I530.67235.schedulesdirect.org
Starz Cinema,US,,1,Starz Cinema East,Starz Cinema HD,I531.67236.schedulesdirect.org
Starz Encore,US,,3,Starz Encore | Starz Encore East | Starz Encore (Pacific),Starz Encore HD,I535.10178.schedulesdirect.org I535.36225.schedulesdirect.org I536.17125.schedulesdirect.org
Starz Encore Classic,US,,1,Starz Encore Classic,,I537.14764.schedulesdirect.org
Starz Encore Westerns,US,,1,Starz Encore Westerns,Starz Encore Westerns SD,I538.102906.schedulesdirect.org
Starz Encore Suspense,US,,1,Starz Encore Suspense,,I539.14766.schedulesdirect.org
Starz Encore Black,US,,1,Starz Encore Black,,I540.14870.schedulesdirect.org
Starz Encore Action,US,,2,Starz Encore Action | Encore Action,Starz Encore Action HD,I541.14871.schedulesdirect.org I541.72015.schedulesdirect.org
Starz Encore Family,US,,1,Starz Encore Family,Starz Encore Family SD,I542.102903.schedulesdirect.org
Showtime,US,,4,Paramount+ with Showtime | Paramount+ with Showtime HD | Paramount+ with Showtime (Pacific) | Paramount+ with Showtime HD (Pacific),,I545.11115.schedulesdirect.org I545.21868.schedulesdirect.org I546.11117.schedulesdirect.org I546.22532.schedulesdirect.org
Showtime 2,US,,2,SHO 2 | SHO 2 HD,,I547.11116.schedulesdirect.org I547.58533.schedulesdirect.org
SHO x BET,US,,2,Showtime Bet | SHO x BET HD,SHO x BET,I548.20622.schedulesdirect.org I548.68340.schedulesdirect.org
Showtime Extreme,US,,2,Showtime Extreme,Showtime Extreme HD,I549.18086.schedulesdirect.org I549.60947.schedulesdirect.org
Showtime Showcase,US,,1,Showtime Showcase,Showtime Showcase HD,I550.61001.schedulesdirect.org
Showtime Next,US,,1,Showtime Next,Showtime Next HD,I551.68342.schedulesdirect.org
Showtime Family Zone,US,,1,Showtime Family Zone,Showtime Familyzone HD,I552.103892.schedulesdirect.org
The Movie Channel,US,,3,The Movie Channel | The Movie Channel (Pacific),The Movie Channel HD,I553.11160.schedulesdirect.org I553.35329.schedulesdirect.org I554.12509.schedulesdirect.org
The Movie Channel Xtra,US,,1,The Movie Channel Extra HD,,I555.60951.schedulesdirect.org
Flix,US,,1,Flix,,I556.10201.schedulesdirect.org
AMC+,US,,2,AMC+,,I557.114759.schedulesdirect.org I1557.114759.schedulesdirect.org
MGM+,US,,1,MGM+,MGM+ HD,I558.65687.schedulesdirect.org
MGM+ Marquee,US,,1,MGM+ Marquee,MGM+ Marquee HD,I560.74073.schedulesdirect.org
DOG TV,US,,1,DOG TV,,I562.82446.schedulesdirect.org
So Yummy,US,,1,So Yummy,,I563.115674.schedulesdirect.org
Hallmark Family,US,,1,Hallmark Family,,I564.105723.schedulesdirect.org
Hallmark Movies & Mysteries,US,,1,Hallmark Movies & Mysteries,Hallmark Mystery HD,I565.46710.schedulesdirect.org
HDnet Movies,US,,1,HDnet Movies,HDNet Movies,I566.33668.schedulesdirect.org
Sony Movie Channel,US,,1,Sony Movie Channel HD,,I568.69130.schedulesdirect.org
Smithsonian Channel,US,,1,Smithsonian Channel,Smithsonian HD Network,I570.58532.schedulesdirect.org
Crime & Investigation Network,US,,1,Crime & Investigation Network,Crime & Investigation Network HD,I571.61469.schedulesdirect.org
MTV Live,US,,1,MTV Live,MTVLIVE,I572.49141.schedulesdirect.org
Shorts TV,US,,1,Shorts TV,,I573.67454.schedulesdirect.org
Playboy TV,US,Adulto,6,Playboy Premium HD | Playboy TV Latin America | Playboy HD | Playboy TV,Playboy En Español,I576.76898.schedulesdirect.org I578.38944.schedulesdirect.org I586.38944.schedulesdirect.org I589.50404.schedulesdirect.org I590.50404.schedulesdirect.org I590.14075.schedulesdirect.org
VividTV,US,Adulto,2,VividTV,,I585.79566.schedulesdirect.org I598.79566.schedulesdirect.org
Penthouse TV XX5 Premium,US,Adulto,1,Penthouse TV XX5 Premium,,I587.74711.schedulesdirect.org
Reality Kings TV,US,Adulto,1,Reality Kings TV,,I594.65223.schedulesdirect.org
Hustler Mature,US,Adulto,1,Hustler Mature,,I595.59522.schedulesdirect.org
Bang U,US,Adulto,1,Bang U,,I596.74063.schedulesdirect.org
BraZZers TV Plus,US,Adulto,1,BraZZers TV Plus,,I597.74065.schedulesdirect.org
Hustler TV,US,Adulto,1,Hustler TV,,I599.45498.schedulesdirect.org
Cowboy Channel,US,,1,Cowboy Channel,,I603.10188.schedulesdirect.org
Pursuit Channel,US,,1,Pursuit Channel,,I604.60111.schedulesdirect.org
Sportsman Channel,US,,1,Sportsman Channel,,I605.33930.schedulesdirect.org
Outdoor Channel,US,,2,Outdoor Channel | Outdoor Channel HD,,I606.14776.schedulesdirect.org I606.46737.schedulesdirect.org
Big Ten Network,US,,4,Big Ten Network HD | Big Ten Network | Big Ten Network Overflow | Big Ten Network Overflow HD,,I610.58321.schedulesdirect.org I610.56783.schedulesdirect.org I610.61135.schedulesdirect.org I610.61143.schedulesdirect.org
SEC Network,US,,2,SEC Network | SEC Network HD,,I611.89535.schedulesdirect.org I611.89714.schedulesdirect.org
ACC Network,US,,2,ACC Network | Accn Espn,ACC Network,I612.111905.schedulesdirect.org I612.111871.schedulesdirect.org
FS2,US,,2,Fox Sports 2 US | Fox Sports 2 US HD,FS2 | FS2 HD,I618.33178.schedulesdirect.org I618.59305.schedulesdirect.org
NBCSN,US,,1,NBC Sport Network,NBC Sports Network,I619.194412.schedulesdirect.org
Fox Soccer Plus,US,,2,Fox Soccer Plus | Fox Soccer Plus HD,,I621.66879.schedulesdirect.org I621.66880.schedulesdirect.org
Next Level Sports,US,,1,Next Level Sports HD,,I623.87000.schedulesdirect.org
Willow,US,,2,Willow Cricket HD | Willow 2,,I625.80621.schedulesdirect.org I626.100316.schedulesdirect.org
MLB Extra Innings (PPV),US,PPV deportes,30,DirecTV - MLB Extra Innings - MLBEI | MLB 1 | MLB 2 | MLB 3 | MLB 4 | MLB 5 | MLB 6 | MLB 7 | MLB 8 | MLB 9 | MLB 10 | MLB 11 | MLB 12 | MLB 13 | MLB 14 | MLB Extra Innings 735 | MLB 15 | MLB 16 | MLB 17 | MLB 18 | MLB 19 | MLB 20 | MLB 21 | MLB 22 | MLB 23 | MLB 24 | MLB 25 | MLB 26 | MLB 27 | MLB 28,MLB Extra Innings 721 | MLB Extra Innings 722 | MLB Extra Innings 723 | MLB Extra Innings 724 | MLB Extra Innings 725,I720.20609.schedulesdirect.org I721.75674.schedulesdirect.org I722.60878.schedulesdirect.org I723.60879.schedulesdirect.org I724.60880.schedulesdirect.org I725.60881.schedulesdirect.org I726.60882.schedulesdirect.org I727.60883.schedulesdirect.org I728.60884.schedulesdirect.org I729.60885.schedulesdirect.org I730.60887.schedulesdirect.org I731.60888.schedulesdirect.org I732.60889.schedulesdirect.org I733.60890.schedulesdirect.org I734.50109.schedulesdirect.org I735.50110.schedulesdirect.org I736.50111.schedulesdirect.org I737.50112.schedulesdirect.org I738.50113.schedulesdirect.org I739.50114.schedulesdirect.org I740.50116.schedulesdirect.org I741.50117.schedulesdirect.org I742.50118.schedulesdirect.org I743.50119.schedulesdirect.org I744.50120.schedulesdirect.org I745.50121.schedulesdirect.org I746.50122.schedulesdirect.org I747.50123.schedulesdirect.org I748.50124.schedulesdirect.org I749.50125.schedulesdirect.org
NBA League Pass (PPV),US,PPV deportes,27,NBA League Pass 1 | NBA League Pass/MLS Direct Kick HDTV | NBA League Pass 2 | NBA League Pass 2 HD | NBA League Pass 3 | NBA League Pass 3 HD | NBA League Pass 4 | NBA League Pass 4 HD | NBA League Pass 5 | NBA League Pass 5 HD | NBA League Pass 6 | NBA League Pass 6 HD | NBA League Pass 7 | NBA League Pass 7 HD | NBA League Pass 8 | NBA League Pass 8 HD | NBA League Pass 9 | NBA League Pass 9 HD | NBA League Pass 10 | NBA League Pass 761 | NBA League Pass 762 | NBA League Pass 763 | NBA League Pass 764 | NBA League Pass 765 | NBA League Pass 766 | NBA League Pass 767 | NBA League Pass 768,,I751.20810.schedulesdirect.org I751.95845.schedulesdirect.org I752.20811.schedulesdirect.org I752.72809.schedulesdirect.org I753.20812.schedulesdirect.org I753.72831.schedulesdirect.org I754.21044.schedulesdirect.org I754.72832.schedulesdirect.org I755.21045.schedulesdirect.org I755.72833.schedulesdirect.org I756.21046.schedulesdirect.org I756.72834.schedulesdirect.org I757.21047.schedulesdirect.org I757.72835.schedulesdirect.org I758.21048.schedulesdirect.org I758.72836.schedulesdirect.org I759.21049.schedulesdirect.org I759.72837.schedulesdirect.org I760.21115.schedulesdirect.org I761.50152.schedulesdirect.org I762.50153.schedulesdirect.org I763.50154.schedulesdirect.org I764.65313.schedulesdirect.org I765.65315.schedulesdirect.org I766.65317.schedulesdirect.org I767.65318.schedulesdirect.org I768.65319.schedulesdirect.org
NHL Center Ice (PPV),US,PPV deportes,19,NHL Center Ice 769 | NHL Center Ice 770 | NHL Center Ice 771 | NHL Center Ice 772 | NHL Center Ice 773 | NHL Center Ice 774 | NHL Center Ice 775 | NHL Center Ice 776 | NHL Center Ice 777 | NHL Center Ice 778 | NHL Center Ice 779 | NHL Center Ice 780 | NHL Center Ice 781 | NHL Center Ice 782 | NHL Center Ice 783 | NHL Center Ice 784 | NHL Center Ice 785 | NHL Center Ice 786 | NHL Center Ice 787,,I769.50135.schedulesdirect.org I770.50136.schedulesdirect.org I771.50137.schedulesdirect.org I772.50138.schedulesdirect.org I773.50139.schedulesdirect.org I774.50140.schedulesdirect.org I775.54348.schedulesdirect.org I776.54349.schedulesdirect.org I777.83059.schedulesdirect.org I778.83060.schedulesdirect.org I779.83061.schedulesdirect.org I780.83064.schedulesdirect.org I781.83065.schedulesdirect.org I782.83069.schedulesdirect.org I783.83070.schedulesdirect.org I784.83158.schedulesdirect.org I785.83171.schedulesdirect.org I786.83207.schedulesdirect.org I787.83307.schedulesdirect.org
Rai Italia,US,,1,RAI,Rai Italia,I2021.17250.schedulesdirect.org
Rai News 24,US,,1,Rai News 24,,I2022.78803.schedulesdirect.org
Rai Premium,US,,1,Rai Premium,,I2023.46350.schedulesdirect.org
VGN TV,US,,1,VGN TV,,I2031.88484.schedulesdirect.org
Film 24h,US,,1,Film 24h,,I2037.105824.schedulesdirect.org
Nippon TV Channel,US,,1,Nippon TV Channel,,I2041.111293.schedulesdirect.org
NHK 1,US,,1,NHK 1 HD,,I2049.98286.schedulesdirect.org
CCTV-4,US,,2,CCTV4-China Central TV,,I2052.24248.schedulesdirect.org I2113.24248.schedulesdirect.org
CGTN,US,,2,CGTN,China Global Television Network,I2053.29114.schedulesdirect.org I2119.29114.schedulesdirect.org
Charming China,US,,2,Charming China,,I2055.66645.schedulesdirect.org I2116.66645.schedulesdirect.org
CBO,US,,1,CBO,,I2057.92409.schedulesdirect.org
GMA Pinoy TV,US,,1,GMA Pinoy TV,,I2061.46463.schedulesdirect.org
MYX Channel,US,,1,MYX Channel,,I2067.55451.schedulesdirect.org
GMA Life TV,US,,1,GMA Life TV,,I2069.60152.schedulesdirect.org
Kapatid,US,,1,Kapatid,,I2071.75621.schedulesdirect.org
MBC America,US,,1,MBC America,,I2081.50270.schedulesdirect.org
PI KBS World,US,,1,PI KBS World,,I2082.53079.schedulesdirect.org
KBS World 24,US,,1,KBS World 24,,I2085.110950.schedulesdirect.org
LifeS,US,,1,LifeS,,I2086.138912.schedulesdirect.org
EBS America,US,,1,EBS America,,I2087.69411.schedulesdirect.org
MBN Plus,US,,1,MBN Plus,,I2088.72536.schedulesdirect.org
DTV ARANG,US,,1,DTV ARANG,,I2095.87649.schedulesdirect.org
GZTV,US,,1,GZTV,,I2102.87930.schedulesdirect.org
88 TV,US,,1,88 TV,,I2103.78651.schedulesdirect.org
88 Films,US,,1,88 Films,,I2105.78649.schedulesdirect.org
iCable Finance Info News Channel,US,,1,iCable Finance Info News Channel,,I2108.79880.schedulesdirect.org
i-CABLE News,US,,1,i-CABLE News,,I2109.78910.schedulesdirect.org
LooLoo Kids TV,US,,1,LooLoo Kids TV,,I9308.172126.schedulesdirect.org
Anheuser Busch Private Network,US,,1,Anheuser Busch Private Network,,I9577.71790.schedulesdirect.org
Barvanna Network,US,,1,Barvanna Network,,I9581.116634.schedulesdirect.org
Global,CA,,11,CA - Global News Saskatoon | DVGLBW | CA - Global News Halifax | CA - Global News Peterborough | CA - Global News Winnipeg | CA - Global News Kingston | CA - Global News Montreal | CA - Global News BC | CA - Global News Regina,CBC Winnipeg | CHEX | CKWS | Canadian Broadcasting Corporation | Descriptive Video - Global Winnipeg | GLOBAL | Global BC | Global Maritimes | Global Montreal | Global Regina | Global Saskatoon | Independent,I68.15993.schedulesdirect.org I78.49523.schedulesdirect.org I198.17396.schedulesdirect.org I204.17396.schedulesdirect.org I217.10114.schedulesdirect.org I226.13834.schedulesdirect.org I233.10137.schedulesdirect.org I234.17406.schedulesdirect.org I236.15993.schedulesdirect.org I252.10050.schedulesdirect.org I594.17143.schedulesdirect.org
TSC,CA,Compras,4,TSC shopping channel,TSC,I113.15997.schedulesdirect.org I286.15997.schedulesdirect.org I598.15997.schedulesdirect.org I660.15997.schedulesdirect.org
RDS,CA,,1,CA: RDS,Réseau des Sports (RDS),I123.15676.schedulesdirect.org
RDS Info,CA,,1,CA: RDS Info,Réseau des Sports Info,I124.39080.schedulesdirect.org
ICI RDI,CA,,3,CA - RDI,CBOFT-DT | Société Radio-Canada,I125.52235.schedulesdirect.org I872.52235.schedulesdirect.org I1816.52235.schedulesdirect.org
RDS2,CA,,3,CA: RDS 2 | CA: RDS 2 HD,RDS2 | RDS2 HD,I192.73271.schedulesdirect.org I1881.73275.schedulesdirect.org I1899.73275.schedulesdirect.org
TVA Sports,CA,,2,CA: TVA Sports FHD,TVA Sports HD,I193.73142.schedulesdirect.org I1883.73142.schedulesdirect.org
CBC,CA,,11,CA - CBC Fredericton | CA - CBC Montreal | CA - CBC Ottawa | CA - CBC Toronto | CA - CBC Calgary | CA - CBC Vancouver | CA - CBC Windsor | CA - CBC Halifax | CA - CBC Winnipeg,CBAT | CBC Calgary | CBC Halifax HD | CBC Ottawa | CBC Television-Windsor 9 | CBC Toronto HD | CBC Vancouver | CBC Winnipeg HD | CBMT - CBC Montreal | Canadian Broadcasting Corporation,I196.16261.schedulesdirect.org I206.10092.schedulesdirect.org I208.10097.schedulesdirect.org I210.46245.schedulesdirect.org I245.15939.schedulesdirect.org I251.10100.schedulesdirect.org I587.10088.schedulesdirect.org I802.46245.schedulesdirect.org I1010.72723.schedulesdirect.org I1050.46245.schedulesdirect.org I1090.72940.schedulesdirect.org
CTV,CA,,20,CA - CTV Montreal | CA - CTV Toronto | CA - CTV Ottawa | CA - CTV Vancouver | CA - CTV Barrie | CA - CTV Calgary | CA - CTV Halifax,CFCF-DT | CJOH-DT | CKCO | CTV | CTV Calgary HD | CTV Halifax HD | CTV Toronto HD | CTV Vancouver HD,I205.65995.schedulesdirect.org I212.44784.schedulesdirect.org I229.68025.schedulesdirect.org I250.44786.schedulesdirect.org I584.10128.schedulesdirect.org I800.44784.schedulesdirect.org I806.44786.schedulesdirect.org I900.62890.schedulesdirect.org I1011.72780.schedulesdirect.org I1031.65995.schedulesdirect.org I1041.68025.schedulesdirect.org I1051.44784.schedulesdirect.org I1131.62890.schedulesdirect.org I1151.44786.schedulesdirect.org I1501.44786.schedulesdirect.org I1502.62890.schedulesdirect.org I1510.44784.schedulesdirect.org I1511.68025.schedulesdirect.org I1512.65995.schedulesdirect.org I1515.72780.schedulesdirect.org
CTV 2,CA,,2,CA - CTV 2,CTV Two - Ottawa | CTV Two - Toronto HD | CTV2,I209.10116.schedulesdirect.org I1054.72705.schedulesdirect.org
Citytv,CA,,6,CityTV | CA - City TV Vancouver | CA - CITY TV Toronto | CA - City TV Montreal | CA - CITY TV Calgary,CityTv | Citytv | Citytv Calgary HD | Citytv Montreal HD | Citytv Toronto HD | Citytv Vancouver,I214.10125.schedulesdirect.org I253.10136.schedulesdirect.org I803.34200.schedulesdirect.org I1033.72895.schedulesdirect.org I1053.34200.schedulesdirect.org I1133.69551.schedulesdirect.org
OMNI Television,CA,,2,Omni 1 | Omni 2,Independent | OMNI1 | OMNI2,I215.10105.schedulesdirect.org I216.31558.schedulesdirect.org
CHCH Channel,CA,,2,CHCH Channel,CHCH-DT | Independent,I218.60123.schedulesdirect.org I1057.60123.schedulesdirect.org
Knowledge Network,CA,,1,Knowledge Network,,I268.14492.schedulesdirect.org
Crave,CA,,4,CRAVE 1 | CRAVE 2 | CRAVE 3 | CRAVE 4,Crave1 | Crave2 | Crave3 | Crave4,I300.10191.schedulesdirect.org I301.12222.schedulesdirect.org I302.12223.schedulesdirect.org I303.21351.schedulesdirect.org
Life Channel,CA,,1,Life Channel,Lifetime (Canada),I335.26768.schedulesdirect.org
Fight Network,CA,,1,Fight Network,The Fight Network,I388.81448.schedulesdirect.org
TSN,CA,,5,TSN 1 | TSN 2 | TSN 3 | TSN 4 | TSN 5,,I400.11182.schedulesdirect.org I401.18990.schedulesdirect.org I402.90118.schedulesdirect.org I403.90122.schedulesdirect.org I404.90124.schedulesdirect.org
Sportsnet,CA,,6,Sportsnet Ontario | Sportsnet East | Sportsnet Pacific | Sportsnet West,Sportsnet (Pacific) | Sportsnet MST | Sportsnet Ontario HD,I405.62111.schedulesdirect.org I406.18798.schedulesdirect.org I407.18801.schedulesdirect.org I408.18800.schedulesdirect.org I846.62111.schedulesdirect.org I1405.62111.schedulesdirect.org
Sportsnet One,CA,,1,Sportsnet One,,I409.68858.schedulesdirect.org
Sportsnet 360,CA,,3,Sportsnet 360,Sportsnet 360 HD,I410.49952.schedulesdirect.org I845.49952.schedulesdirect.org I1410.49952.schedulesdirect.org
Sportsnet World,CA,,1,Sportsnet World,,I420.57735.schedulesdirect.org
Fox Sports Racing,CA,,1,Fox Sports Racing,,I421.30189.schedulesdirect.org
CTV News,CA,,1,CTV News,CTV News Channel,I501.17615.schedulesdirect.org
CBC News Network,CA,,1,CA - CBC News,CBC News Network,I502.10094.schedulesdirect.org
The Weather Network,CA,,1,The Weather Network,Weather Network (CWEA),I505.10170.schedulesdirect.org
BBC World News,US,,1,BBC World News,BBC News (North America),I510.89542.schedulesdirect.org
Makeful,CA,,1,Makeful,Makeful TV SD,I530.99429.schedulesdirect.org
Slice,CA,,1,Slice,SLICE,I601.15181.schedulesdirect.org
H2 History,CA,,1,H2 History,HISTORY 2,I629.26772.schedulesdirect.org
DejaView,CA,,1,DejaView,Deja View,I636.26873.schedulesdirect.org
Cottage Life,CA,,1,Cottage Life,,I641.26779.schedulesdirect.org
RT International,US,,1,RT International,RTV International,I722.21063.schedulesdirect.org
Love Nature,CA,,2,Love Nature,,I810.52745.schedulesdirect.org I1625.52745.schedulesdirect.org
BBC Earth,CA,,2,BBC Earth,,I811.53128.schedulesdirect.org I1627.53128.schedulesdirect.org
beIN Sports,CA,,1,beIN Sports,beIN Sports HD (Canada),I1412.91308.schedulesdirect.org
TVA Sports 2,CA,,1,CA: TVA Sports 2 HD,TVA Sports 2 HD,I1884.90206.schedulesdirect.org
